year,border,range,column,treatment,plot,type,TDP#,genotype,TDP#,Type,Accession
2023,1,01,01,WL,0101,border,NA,,,,
2023,1,01,02,WL,0102,border,NA,,,,
2023,1,01,03,WL,0103,border,NA,,,,
2023,1,01,04,WL,0104,border,NA,,,,
2023,1,01,05,WL,0105,border,NA,,,,
2023,1,01,06,WL,0106,border,NA,,,,
2023,1,01,07,WL,0107,border,NA,,,,
2023,1,01,08,WL,0108,border,NA,,,,
2023,1,01,09,WL,0109,border,NA,,,,
2023,1,01,10,WL,0110,border,NA,,,,
2023,1,01,11,WL,0111,border,NA,,,,
2023,1,01,12,WL,0112,border,NA,,,,
2023,2,01,13,WW,0113,border,NA,,,,
2023,2,01,14,WW,0114,border,NA,,,,
2023,2,01,15,WW,0115,border,NA,,,,
2023,2,01,16,WW,0116,border,NA,,,,
2023,2,01,17,WW,0117,border,NA,,,,
2023,2,01,18,WW,0118,border,NA,,,,
2023,2,01,19,WW,0119,border,NA,,,,
2023,2,01,20,WW,0120,border,NA,,,,
2023,2,01,21,WW,0121,border,NA,,,,
2023,2,01,22,WW,0122,border,NA,,,,
2023,2,01,23,WW,0123,border,NA,,,,
2023,2,01,24,WW,0124,border,NA,,,,
2023,1,02,01,WL,0201,border,NA,,,,
2023,1,02,02,WL,0202,Experimental,TDP-15,G40023,TDP-15,white,G40023
2023,1,02,03,WL,0203,Experimental,TDP-129,G40160,TDP-129,white,G40160
2023,1,02,04,WL,0204,Experimental,TDP-142,G40173B,TDP-142,cream,G40173B
2023,1,02,05,WL,0205,Experimental,TDP-106,G40140,TDP-106,white,G40140
2023,1,02,06,WL,0206,Experimental,TARS_Tep_96,TARS_Tep_96,20IS-11149,black speckled,
2023,1,02,07,WL,0207,Experimental,TDP-308,W6_32483,TDP-308,white,W6 32483 
2023,1,02,08,WL,0208,check plot,NA,,,,
2023,1,02,09,WL,0209,Experimental,TDP-273,G40299,TDP-273,white,G40299
2023,1,02,10,WL,0210,Experimental,TDP-145,G40175,TDP-145,yellow,G40175
2023,1,02,11,WL,0211,Experimental,TDP-289,PI458874,TDP-289,white,PI 458874 
2023,1,02,12,WL,0212,border,NA,,,,
2023,2,02,13,WW,0213,border,NA,,,,
2023,2,02,14,WW,0214,Experimental,TDP-256,G40277,TDP-256,white,G40277
2023,2,02,15,WW,0215,Experimental,TARS_Tep_64,TARS_Tep_64,20IS-11148,white,
2023,2,02,16,WW,0216,Experimental,TDP-310,Neb_T_8a_S,TDP-310,cream,Neb-T-8a-S
2023,2,02,17,WW,0217,Experimental,TDP-127,G40158A,TDP-127,cream,G40158A
2023,2,02,18,WW,0218,check plot,NA,,,,
2023,2,02,19,WW,0219,Experimental,TDP-276,G40302,TDP-276,white,G40302
2023,2,02,20,WW,0220,Experimental,TDP-132,G40163,TDP-132,white,G40163
2023,2,02,21,WW,0221,Experimental,TDP-105,G40138,TDP-105,white,G40138
2023,2,02,22,WW,0222,Experimental,TDP-125,G40156,TDP-125,white,G40156
2023,2,02,23,WW,0223,Experimental,TDP-129,G40160,TDP-129,white,G40160
2023,2,02,24,WW,0224,border,NA,,,,
2023,1,03,01,WL,0301,border,NA,,,,
2023,1,03,02,WL,0302,Experimental,TARS_Tep-109,TARS_Tep-109,20IS-11172,cream,
2023,1,03,03,WL,0303,check plot,NA,,,,
2023,1,03,04,WL,0304,Experimental,TDP-278,G40304,TDP-278,white,G40304
2023,1,03,05,WL,0305,Experimental,TDP-1,G40001,TDP-1,white,G40001
2023,1,03,06,WL,0306,Experimental,TDP-125,G40156,TDP-125,white,G40156
2023,1,03,07,WL,0307,Experimental,TDP-307,W6_32481,TDP-307,cream,W6 32481 
2023,1,03,08,WL,0308,Experimental,TDP-210,G40230,TDP-210,"cream,other",G40230
2023,1,03,09,WL,0309,Experimental,TDP-140,G40173,TDP-140,white,G40173
2023,1,03,10,WL,0310,Experimental,TDP-104,G40130,TDP-104,white,G40130
2023,1,03,11,WL,0311,Experimental,TARS_Tep_97,TARS_Tep_97,20IS-11156,"black speckled,nice",
2023,1,03,12,WL,0312,border,NA,,,,
2023,2,03,13,WW,0313,border,NA,,,,
2023,2,03,14,WW,0314,Experimental,TARS_Tep_22,TARS_Tep_22,20IS-11155,white,
2023,2,03,15,WW,0315,Experimental,TDP-48,G40060,TDP-48,white,G40060
2023,2,03,16,WW,0316,Experimental,TDP-315,TL_53S,TDP-315,"cream,brown",TL-53S
2023,2,03,17,WW,0317,Experimental,TDP-15,G40023,TDP-15,white,G40023
2023,2,03,18,WW,0318,Experimental,TDP-110,G40143,TDP-110,white,G40143
2023,2,03,19,WW,0319,Experimental,TDP-150,G40177B1,TDP-150,white,G40177B1
2023,2,03,20,WW,0320,Experimental,TDP-273,G40299,TDP-273,white,G40299
2023,2,03,21,WW,0321,Experimental,TDP-215,G40234,TDP-215,cream,G40234
2023,2,03,22,WW,0322,check plot,NA,,,,
2023,2,03,23,WW,0323,Experimental,TDP-294,PI477036,TDP-294,yellow,PI 477036 
2023,2,03,24,WW,0324,border,NA,,,,
2023,1,04,01,WL,0401,border,NA,,,,
2023,1,04,02,WL,0402,Experimental,TDP-301,PI549447,TDP-301,white,PI 549447 
2023,1,04,03,WL,0403,Experimental,TDP-18,G40029,TDP-18,"cream,brown",G40029
2023,1,04,04,WL,0404,Experimental,TDP-45,G40057,TDP-45,white,G40057
2023,1,04,05,WL,0405,Experimental,TDP-115,G40145,TDP-115,white,G40145
2023,1,04,06,WL,0406,Experimental,TDP-119,G40149,TDP-119,white,G40149
2023,1,04,07,WL,0407,Experimental,TDP-99,G40122,TDP-99,white,G40122
2023,1,04,08,WL,0408,Experimental,TDP-112,G40144A,TDP-112,cream,G40144A
2023,1,04,09,WL,0409,check plot,NA,,,,
2023,1,04,10,WL,0410,Experimental,TDP-127,G40158A,TDP-127,cream,G40158A
2023,1,04,11,WL,0411,Experimental,TDP-258,G40282,TDP-258,yellow,G40282
2023,1,04,12,WL,0412,border,NA,,,,
2023,2,04,13,WW,0413,border,NA,,,,
2023,2,04,14,WW,0414,check plot,NA,,,,
2023,2,04,15,WW,0415,Experimental,TDP-248,G40269,TDP-248,"cream,brown",G40269
2023,2,04,16,WW,0416,Experimental,TDP-16,G40025,TDP-16,yellow,G40025
2023,2,04,17,WW,0417,Experimental,TDP-307,W6_32481,TDP-307,cream,W6 32481 
2023,2,04,18,WW,0418,Experimental,TDP-289,PI458874,TDP-289,white,PI 458874 
2023,2,04,19,WW,0419,Experimental,TDP-133,G40164,TDP-133,white,G40164
2023,2,04,20,WW,0420,Experimental,TDP-46,G40058,TDP-46,white,G40058
2023,2,04,21,WW,0421,Experimental,TDP-5,G40010,TDP-5,white,G40010
2023,2,04,22,WW,0422,Experimental,TDP-2,G40006B,TDP-2,"black,cream",G40006B
2023,2,04,23,WW,0423,Experimental,TDP-99,G40122,TDP-99,white,G40122
2023,2,04,24,WW,0424,border,NA,,,,
2023,1,05,01,WL,0501,border,NA,,,,
2023,1,05,02,WL,0502,Experimental,TDP-290,PI462026,TDP-290,white,PI 462026 
2023,1,05,03,WL,0503,Experimental,TDP-275,G40301,TDP-275,white,G40301
2023,1,05,04,WL,0504,Experimental,TDP-280,PI440792,TDP-280,white,PI 440792 
2023,1,05,05,WL,0505,Experimental,Sacaton_white,Sacaton_white,20IS-11146,white,
2023,1,05,06,WL,0506,Experimental,TDP-219,G40237A,TDP-219,pink,G40237A
2023,1,05,07,WL,0507,Experimental,TDP-111,G40144,TDP-111,white,G40144
2023,1,05,08,WL,0508,Experimental,TDP-299,PI535227,TDP-299,cream,PI 535227 
2023,1,05,09,WL,0509,Experimental,TDP-5,G40010,TDP-5,white,G40010
2023,1,05,10,WL,0510,Experimental,TDP-97,G40119,TDP-97,black,G40119
2023,1,05,11,WL,0511,check plot,NA,,,,
2023,1,05,12,WL,0512,border,NA,,,,
2023,2,05,13,WW,0513,border,NA,,,,
2023,2,05,14,WW,0514,Experimental,TDP-177,G40200,TDP-177,"cream,brown",G40200
2023,2,05,15,WW,0515,Ramona Fill,NA,,,,
2023,2,05,16,WW,0516,Experimental,TDP-283,PI440800,TDP-283,white,PI 440800 
2023,2,05,17,WW,0517,Experimental,TDP-257,G40279,TDP-257,white,G40279
2023,2,05,18,WW,0518,Experimental,Sacaton_white,Sacaton_white,20IS-11146,white,
2023,2,05,19,WW,0519,Experimental,TDP-29,G40041,TDP-29,white,G40041
2023,2,05,20,WW,0520,Ramona Fill,NA,,,,
2023,2,05,21,WW,0521,Ramona Fill,NA,,,,
2023,2,05,22,WW,0522,Experimental,TDP-3,G40008,TDP-3,white,G40008
2023,2,05,23,WW,0523,check plot,NA,,,,
2023,2,05,24,WW,0524,border,NA,,,,
2023,1,06,01,WL,0601,border,NA,,,,
2023,1,06,02,WL,0602,Experimental,TDP-312,TARS_Tep_23,TDP-312,black,TARS-Tep 23
2023,1,06,03,WL,0603,Experimental,TDP-218,G40237,TDP-218,cream,G40237
2023,1,06,04,WL,0604,check plot,NA,,,,
2023,1,06,05,WL,0605,Experimental,TDP-4,G40009,TDP-4,white,G40009
2023,1,06,06,WL,0606,Experimental,TDP-122,G40152,TDP-122,white,G40152
2023,1,06,07,WL,0607,Experimental,TDP-284,PI440801,TDP-284,yellow,PI 440801 
2023,1,06,08,WL,0608,Experimental,TDP-255,G40276,TDP-255,white,G40276
2023,1,06,09,WL,0609,Experimental,TDP-132,G40163,TDP-132,white,G40163
2023,1,06,10,WL,0610,Experimental,TDP-288,PI458873,TDP-288,white,PI 458873 
2023,1,06,11,WL,0611,Experimental,TDP-105,G40138,TDP-105,white,G40138
2023,1,06,12,WL,0612,border,NA,,,,
2023,2,06,13,WW,0613,border,NA,,,,
2023,2,06,14,WW,0614,Experimental,TDP-246,TARS_Tep_29,TDP-246,white,TARS-Tep 29
2023,2,06,15,WW,0615,Experimental,TARS_Tep-109,TARS_Tep-109,20IS-11172,cream,
2023,2,06,16,WW,0616,Experimental,TDP-121,G40151,TDP-121,white,G40151
2023,2,06,17,WW,0617,Experimental,TDP-140,G40173,TDP-140,white,G40173
2023,2,06,18,WW,0618,Experimental,TDP-314,TB_1,TDP-314,yellow,TB 1
2023,2,06,19,WW,0619,Experimental,TDP-97,G40119,TDP-97,black,G40119
2023,2,06,20,WW,0620,Experimental,TARS_Tep-112,TARS_Tep-112,20IS-11175,pinto,
2023,2,06,21,WW,0621,Experimental,TDP-111,G40144,TDP-111,white,G40144
2023,2,06,22,WW,0622,check plot,NA,,,,
2023,2,06,23,WW,0623,Experimental,TDP-258,G40282,TDP-258,yellow,G40282
2023,2,06,24,WW,0624,border,NA,,,,
2023,1,07,01,WL,0701,border,NA,,,,
2023,1,07,02,WL,0702,Experimental,TDP-8,G40013D,TDP-8,"brown, cream",G40013D
2023,1,07,03,WL,0703,Experimental,TARS_Tep-119,TARS_Tep-119,,white specked,
2023,1,07,04,WL,0704,Experimental,TDP-28,G40040,TDP-28,yellow,G40040
2023,1,07,05,WL,0705,Experimental,TDP-251,G40272,TDP-251,white,G40272
2023,1,07,06,WL,0706,Experimental,TDP-22,G40035,TDP-22,black,G40035
2023,1,07,07,WL,0707,check plot,NA,,,,
2023,1,07,08,WL,0708,Experimental,TDP-88,G40110,TDP-88,"black,cream",G40110
2023,1,07,09,WL,0709,Experimental,TDP-146,G40176,TDP-146,pink,G40176
2023,1,07,10,WL,0710,Experimental,TDP-17,G40028,TDP-17,white,G40028
2023,1,07,11,WL,0711,Experimental,TDP-108,G40142,TDP-108,cream,G40142
2023,1,07,12,WL,0712,border,NA,,,,
2023,2,07,13,WW,0713,border,NA,,,,
2023,2,07,14,WW,0714,Experimental,TDP-280,PI440792,TDP-280,white,PI 440792 
2023,2,07,15,WW,0715,Experimental,TDP-300,PI535233,TDP-300,white,PI 535233 
2023,2,07,16,WW,0716,Experimental,TDP-363,G40005,TDP-363,white,"G40005,PI 200902"
2023,2,07,17,WW,0717,Experimental,TDP-293,PI477035,TDP-293,white,PI 477035 
2023,2,07,18,WW,0718,check plot,NA,,,,
2023,2,07,19,WW,0719,Experimental,TDP-210,G40230,TDP-210,"cream,other",G40230
2023,2,07,20,WW,0720,Experimental,TDP-128,G40159,TDP-128,white,G40159
2023,2,07,21,WW,0721,Experimental,TARS_Tep_94,TARS_Tep_94,20IS-11154,"white, nice",
2023,2,07,22,WW,0722,Experimental,TDP-290,PI462026,TDP-290,white,PI 462026 
2023,2,07,23,WW,0723,Experimental,TDP-301,PI549447,TDP-301,white,PI 549447 
2023,2,07,24,WW,0724,border,NA,,,,
2023,1,08,01,WL,0801,border,NA,,,,
2023,1,08,02,WL,0802,check plot,NA,,,,
2023,1,08,03,WL,0803,Experimental,TDP-274,G40300,TDP-274,white,G40300
2023,1,08,04,WL,0804,Experimental,TDP-150,G40177B1,TDP-150,white,G40177B1
2023,1,08,05,WL,0805,Experimental,TDP-220,G40238,TDP-220,cream,G40238
2023,1,08,06,WL,0806,Experimental,TDP-300,PI535233,TDP-300,white,PI 535233 
2023,1,08,07,WL,0807,Experimental,TDP-314,TB_1,TDP-314,yellow,TB 1
2023,1,08,08,WL,0808,Experimental,TDP-103,G40129,TDP-103,white,G40129
2023,1,08,09,WL,0809,Experimental,TDP-110,G40143,TDP-110,white,G40143
2023,1,08,10,WL,0810,Experimental,TDP-256,G40277,TDP-256,white,G40277
2023,1,08,11,WL,0811,Experimental,TDP-209,G40229,TDP-209,white,G40229
2023,1,08,12,WL,0812,border,NA,,,,
2023,2,08,13,WW,0813,border,NA,,,,
2023,2,08,14,WW,0814,Experimental,TDP-106,G40140,TDP-106,white,G40140
2023,2,08,15,WW,0815,Experimental,TDP-312,TARS_Tep_23,TDP-312,black,TARS-Tep 23
2023,2,08,16,WW,0816,check plot,NA,,,,
2023,2,08,17,WW,0817,Experimental,TDP-28,G40040,TDP-28,yellow,G40040
2023,2,08,18,WW,0818,Experimental,TDP-7,G40013A,TDP-7,"black,cream",G40013A
2023,2,08,19,WW,0819,Experimental,TDP-9,G40018,TDP-9,"cream,brown",G40018
2023,2,08,20,WW,0820,Experimental,TARS_Tep-110,TARS_Tep-110,20IS-11173,white,
2023,2,08,21,WW,0821,Experimental,TDP-148,G40177A1,TDP-148,"cream,pink",G40177A1
2023,2,08,22,WW,0822,Experimental,TDP-219,G40237A,TDP-219,pink,G40237A
2023,2,08,23,WW,0823,Experimental,TDP-21,G40034,TDP-21,white,G40034
2023,2,08,24,WW,0824,border,NA,,,,
2023,1,09,01,WL,0901,border,NA,,,,
2023,1,09,02,WL,0902,Experimental,TDP-25,G40037A,TDP-25,pink,G40037A
2023,1,09,03,WL,0903,Experimental,TDP-144,G40174,TDP-144,white,G40174
2023,1,09,04,WL,0904,Experimental,TDP-126,G40157,TDP-126,white,G40157
2023,1,09,05,WL,0905,Experimental,TDP-276,G40302,TDP-276,white,G40302
2023,1,09,06,WL,0906,check plot,NA,,,,
2023,1,09,07,WL,0907,Experimental,TARS_Tep_101,TARS_Tep_101,20IS-11159,"white, nice",
2023,1,09,08,WL,0908,Experimental,TDP-21,G40034,TDP-21,white,G40034
2023,1,09,09,WL,0909,Experimental,TDP-283,PI440800,TDP-283,white,PI 440800 
2023,1,09,10,WL,0910,Experimental,TDP-148,G40177A1,TDP-148,"cream,pink",G40177A1
2023,1,09,11,WL,0911,Ramona Fill,NA,,,,
2023,1,09,12,WL,0912,border,NA,,,,
2023,2,09,13,WW,0913,border,NA,,,,
2023,2,09,14,WW,0914,check plot,NA,,,,
2023,2,09,15,WW,0915,Experimental,TARS_Tep-118,TARS_Tep-118,20IS-11167,"black speckled,nice",
2023,2,09,16,WW,0916,Experimental,TDP-126,G40157,TDP-126,white,G40157
2023,2,09,17,WW,0917,Experimental,TDP-4,G40009,TDP-4,white,G40009
2023,2,09,18,WW,0918,Experimental,TDP-117,G40147,TDP-117,white,G40147
2023,2,09,19,WW,0919,Experimental,TDP-18,G40029,TDP-18,"cream,brown",G40029
2023,2,09,20,WW,0920,Experimental,TDP-109,G40142A,TDP-109,cream,G40142A
2023,2,09,21,WW,0921,Experimental,TDP-1,G40001,TDP-1,white,G40001
2023,2,09,22,WW,0922,Experimental,TDP-286,PI440805,TDP-286,yellow,PI 440805 
2023,2,09,23,WW,0923,Experimental,TDP-24,G40037,TDP-24,yellow,G40037
2023,2,09,24,WW,0924,border,NA,,,,
2023,1,10,01,WL,1001,border,NA,,,,
2023,1,10,02,WL,1002,Experimental,TDP-306,W6_32480,TDP-306,black,W6 32480 
2023,1,10,03,WL,1003,Experimental,TDP-287,PI440806,TDP-287,yellow,PI 440806 
2023,1,10,04,WL,1004,Experimental,TDP-134,G40165,TDP-134,white,G40165
2023,1,10,05,WL,1005,Experimental,TARS_Tep-118,TARS_Tep-118,20IS-11167,"black speckled,nice",
2023,1,10,06,WL,1006,Experimental,TDP-293,PI477035,TDP-293,white,PI 477035 
2023,1,10,07,WL,1007,check plot,NA,,,,
2023,1,10,08,WL,1008,Experimental,TDP-89,G40111,TDP-89,"black,cream",G40111
2023,1,10,09,WL,1009,Experimental,TDP-101,G40127,TDP-101,white,G40127
2023,1,10,10,WL,1010,Experimental,TARS_Tep_54,TARS_Tep_54,20IS-11151,"white, nice",
2023,1,10,11,WL,1011,Experimental,TARS_Tep-110,TARS_Tep-110,20IS-11173,white,
2023,1,10,12,WL,1012,border,NA,,,,
2023,2,10,13,WW,1013,border,NA,,,,
2023,2,10,14,WW,1014,check plot,NA,,,,
2023,2,10,15,WW,1015,Experimental,TDP-22,G40035,TDP-22,black,G40035
2023,2,10,16,WW,1016,Experimental,TDP-295,PI477038,TDP-295,white,PI 477038 
2023,2,10,17,WW,1017,Experimental,TARS_Tep_101,TARS_Tep_101,20IS-11159,"white, nice",
2023,2,10,18,WW,1018,Experimental,TDP-122,G40152,TDP-122,white,G40152
2023,2,10,19,WW,1019,Experimental,TDP-305,PI638926,TDP-305,cream/violet,PI 638926 
2023,2,10,20,WW,1020,Experimental,TDP-282,PI440798,TDP-282,white,PI 440798 
2023,2,10,21,WW,1021,Experimental,TDP-19,G40030,TDP-19,"cream,other",G40030
2023,2,10,22,WW,1022,Experimental,TDP-306,W6_32480,TDP-306,black,W6 32480 
2023,2,10,23,WW,1023,Experimental,TARS_Tep_96,TARS_Tep_96,20IS-11149,black speckled,
2023,2,10,24,WW,1024,border,NA,,,,
2023,1,11,01,WL,1101,border,NA,,,,
2023,1,11,02,WL,1102,Ramona Fill,NA,,,,
2023,1,11,03,WL,1103,Experimental,TDP-254,G40275,TDP-254,white,G40275
2023,1,11,04,WL,1104,Experimental,TARS_Tep-112,TARS_Tep-112,20IS-11175,pinto,
2023,1,11,05,WL,1105,Experimental,TDP-259,G40283,TDP-259,"cream,other",G40283
2023,1,11,06,WL,1106,check plot,NA,,,,
2023,1,11,07,WL,1107,Experimental,TDP-128,G40159,TDP-128,white,G40159
2023,1,11,08,WL,1108,Experimental,TDP-244,Neb_T_6_S,TDP-244,black,Neb T-6-S
2023,1,11,09,WL,1109,Experimental,TDP-120,G40150,TDP-120,white,G40150
2023,1,11,10,WL,1110,Experimental,TDP-121,G40151,TDP-121,white,G40151
2023,1,11,11,WL,1111,Experimental,TDP-107,G40141,TDP-107,white,G40141
2023,1,11,12,WL,1112,border,NA,,,,
2023,2,11,13,WW,1113,border,NA,,,,
2023,2,11,14,WW,1114,Experimental,TDP-134,G40165,TDP-134,white,G40165
2023,2,11,15,WW,1115,Experimental,TDP-278,G40304,TDP-278,white,G40304
2023,2,11,16,WW,1116,Experimental,TARS_Tep-105,TARS_Tep-105,20IS-11168,white speckled,
2023,2,11,17,WW,1117,Experimental,TARS_Tep_100,TARS_Tep_100,20IS-11158,"white speckled, very nice",
2023,2,11,18,WW,1118,Experimental,TDP-31,G40043,TDP-31,white,G40043
2023,2,11,19,WW,1119,Experimental,TARS_Tep_97,TARS_Tep_97,20IS-11156,"black speckled,nice",
2023,2,11,20,WW,1120,Experimental,TDP-17,G40028,TDP-17,white,G40028
2023,2,11,21,WW,1121,Experimental,TDP-25,G40037A,TDP-25,pink,G40037A
2023,2,11,22,WW,1122,Experimental,TDP-114,G40144C,TDP-114,pink,G40144C
2023,2,11,23,WW,1123,check plot,NA,,,,
2023,2,11,24,WW,1124,border,NA,,,,
2023,1,12,01,WL,1201,border,NA,,,,
2023,1,12,02,WL,1202,Experimental,TDP-14,G40022A,TDP-14,dark pink,G40022A
2023,1,12,03,WL,1203,check plot,NA,,,,
2023,1,12,04,WL,1204,Experimental,TDP-279,PI440785,TDP-279,white,PI 440785 
2023,1,12,05,WL,1205,Experimental,TARS_Tep_94,TARS_Tep_94,20IS-11154,"white, nice",
2023,1,12,06,WL,1206,Experimental,TDP-2,G40006B,TDP-2,"black,cream",G40006B
2023,1,12,07,WL,1207,Experimental,TDP-123,G40153,TDP-123,cream,G40153
2023,1,12,08,WL,1208,Experimental,TDP-295,PI477038,TDP-295,white,PI 477038 
2023,1,12,09,WL,1209,Experimental,TDP-133,G40164,TDP-133,white,G40164
2023,1,12,10,WL,1210,Experimental,TARS_Tep_93,TARS_Tep_93,20IS-11152,white speckled,
2023,1,12,11,WL,1211,Experimental,TDP-296,PI440795,TDP-296,white,PI 440795 
2023,1,12,12,WL,1212,border,NA,,,,
2023,2,12,13,WW,1213,border,NA,,,,
2023,2,12,14,WW,1214,Experimental,TDP-116,G40146,TDP-116,white,G40146
2023,2,12,15,WW,1215,Experimental,TDP-303,PI653254,TDP-303,yellow,PI 653254 
2023,2,12,16,WW,1216,Experimental,TDP-145,G40175,TDP-145,yellow,G40175
2023,2,12,17,WW,1217,check plot,NA,,,,
2023,2,12,18,WW,1218,Experimental,TDP-118,G40148,TDP-118,white,G40148
2023,2,12,19,WW,1219,Experimental,TDP-308,W6_32483,TDP-308,white,W6 32483 
2023,2,12,20,WW,1220,Experimental,TDP-288,PI458873,TDP-288,white,PI 458873 
2023,2,12,21,WW,1221,Ramona Fill,NA,,,,
2023,2,12,22,WW,1222,Experimental,TDP-275,G40301,TDP-275,white,G40301
2023,2,12,23,WW,1223,Experimental,TDP-218,G40237,TDP-218,cream,G40237
2023,2,12,24,WW,1224,border,NA,,,,
2023,1,13,01,WL,1301,border,NA,,,,
2023,1,13,02,WL,1302,Experimental,TDP-248,G40269,TDP-248,"cream,brown",G40269
2023,1,13,03,WL,1303,Experimental,TDP-20,G40032,TDP-20,white,G40032
2023,1,13,04,WL,1304,check plot,NA,,,,
2023,1,13,05,WL,1305,Experimental,TDP-31,G40043,TDP-31,white,G40043
2023,1,13,06,WL,1306,Experimental,TDP-12,G40021,TDP-12,white,G40021
2023,1,13,07,WL,1307,Experimental,TDP-303,PI653254,TDP-303,yellow,PI 653254 
2023,1,13,08,WL,1308,Experimental,TDP-177,G40200,TDP-177,"cream,brown",G40200
2023,1,13,09,WL,1309,Experimental,TARS_Tep_22,TARS_Tep_22,20IS-11155,white,
2023,1,13,10,WL,1310,Experimental,TDP-9,G40018,TDP-9,"cream,brown",G40018
2023,1,13,11,WL,1311,Experimental,TDP-109,G40142A,TDP-109,cream,G40142A
2023,1,13,12,WL,1312,border,NA,,,,
2023,2,13,13,WW,1313,border,NA,,,,
2023,2,13,14,WW,1314,Experimental,TDP-146,G40176,TDP-146,pink,G40176
2023,2,13,15,WW,1315,Experimental,TDP-101,G40127,TDP-101,white,G40127
2023,2,13,16,WW,1316,Experimental,TDP-108,G40142,TDP-108,cream,G40142
2023,2,13,17,WW,1317,Experimental,TDP-102,G40128,TDP-102,white,G40128
2023,2,13,18,WW,1318,check plot,NA,,,,
2023,2,13,19,WW,1319,Experimental,TDP-119,G40149,TDP-119,white,G40149
2023,2,13,20,WW,1320,Experimental,TDP-251,G40272,TDP-251,white,G40272
2023,2,13,21,WW,1321,Experimental,TARS_Tep_23,TARS_Tep_23,20IS-11161,mottled black,
2023,2,13,22,WW,1322,Experimental,TDP-112,G40144A,TDP-112,cream,G40144A
2023,2,13,23,WW,1323,Experimental,TARS_Tep-119,TARS_Tep-119,,white specked,
2023,2,13,24,WW,1324,border,NA,,,,
2023,1,14,01,WL,1401,border,NA,,,,
2023,1,14,02,WL,1402,Experimental,TARS_Tep_103,TARS_Tep_103,20IS-11160,"white speckled, very nice",
2023,1,14,03,WL,1403,Experimental,TDP-282,PI440798,TDP-282,white,PI 440798 
2023,1,14,04,WL,1404,Experimental,TDP-46,G40058,TDP-46,white,G40058
2023,1,14,05,WL,1405,Experimental,TDP-118,G40148,TDP-118,white,G40148
2023,1,14,06,WL,1406,Experimental,TDP-117,G40147,TDP-117,white,G40147
2023,1,14,07,WL,1407,Experimental,TDP-116,G40146,TDP-116,white,G40146
2023,1,14,08,WL,1408,Experimental,TDP-131,G40162,TDP-131,white,G40162
2023,1,14,09,WL,1409,Experimental,TDP-48,G40060,TDP-48,white,G40060
2023,1,14,10,WL,1410,check plot,NA,,,,
2023,1,14,11,WL,1411,Experimental,TDP-102,G40128,TDP-102,white,G40128
2023,1,14,12,WL,1412,border,NA,,,,
2023,2,14,13,WW,1413,border,NA,,,,
2023,2,14,14,WW,1414,Experimental,TDP-26,G40038,TDP-26,cream,G40038
2023,2,14,15,WW,1415,Experimental,TDP-130,G40161,TDP-130,cream,G40161
2023,2,14,16,WW,1416,Experimental,TDP-209,G40229,TDP-209,white,G40229
2023,2,14,17,WW,1417,Experimental,TDP-139,G40172,TDP-139,white,G40172
2023,2,14,18,WW,1418,Experimental,TARS_Tep_103,TARS_Tep_103,20IS-11160,"white speckled, very nice",
2023,2,14,19,WW,1419,check plot,NA,,,,
2023,2,14,20,WW,1420,Experimental,TDP-104,G40130,TDP-104,white,G40130
2023,2,14,21,WW,1421,Experimental,TDP-8,G40013D,TDP-8,"brown, cream",G40013D
2023,2,14,22,WW,1422,Experimental,TARS_Tep_54,TARS_Tep_54,20IS-11151,"white, nice",
2023,2,14,23,WW,1423,Experimental,TDP-143,G40173C,TDP-143,"cream,other",G40173C
2023,2,14,24,WW,1424,border,NA,,,,
2023,1,15,01,WL,1501,border,NA,,,,
2023,1,15,02,WL,1502,check plot,NA,,,,
2023,1,15,03,WL,1503,Experimental,TDP-281,PI440793,TDP-281,white,PI 440793 
2023,1,15,04,WL,1504,Experimental,TDP-114,G40144C,TDP-114,pink,G40144C
2023,1,15,05,WL,1505,Experimental,TDP-29,G40041,TDP-29,white,G40041
2023,1,15,06,WL,1506,Experimental,TDP-315,TL_53S,TDP-315,"cream,brown",TL-53S
2023,1,15,07,WL,1507,Experimental,TDP-305,PI638926,TDP-305,cream/violet,PI 638926 
2023,1,15,08,WL,1508,Experimental,TDP-294,PI477036,TDP-294,yellow,PI 477036 
2023,1,15,09,WL,1509,Experimental,TARS_Tep_58A,TARS_Tep_58A,,white,
2023,1,15,10,WL,1510,Experimental,TDP-310,Neb_T_8a_S,TDP-310,cream,Neb-T-8a-S
2023,1,15,11,WL,1511,Experimental,TDP-246,TARS_Tep_29,TDP-246,white,TARS-Tep 29
2023,1,15,12,WL,1512,border,NA,,,,
2023,2,15,13,WW,1513,border,NA,,,,
2023,2,15,14,WW,1514,Experimental,TDP-259,G40283,TDP-259,"cream,other",G40283
2023,2,15,15,WW,1515,Experimental,TDP-98,G40120,TDP-98,white,G40120
2023,2,15,16,WW,1516,Experimental,TDP-23,G40036,TDP-23,black,G40036
2023,2,15,17,WW,1517,Experimental,TDP-144,G40174,TDP-144,white,G40174
2023,2,15,18,WW,1518,Experimental,TDP-279,PI440785,TDP-279,white,PI 440785 
2023,2,15,19,WW,1519,Experimental,TDP-254,G40275,TDP-254,white,G40275
2023,2,15,20,WW,1520,check plot,NA,,,,
2023,2,15,21,WW,1521,Experimental,TDP-274,G40300,TDP-274,white,G40300
2023,2,15,22,WW,1522,Experimental,TARS_Tep_58A,TARS_Tep_58A,,white,
2023,2,15,23,WW,1523,Experimental,TDP-281,PI440793,TDP-281,white,PI 440793 
2023,2,15,24,WW,1524,border,NA,,,,
2023,1,16,01,WL,1601,border,NA,,,,
2023,1,16,02,WL,1602,check plot,NA,,,,
2023,1,16,03,WL,1603,Experimental,TDP-363,G40005,TDP-363,white,"G40005,PI 200902"
2023,1,16,04,WL,1604,Experimental,TDP-3,G40008,TDP-3,white,G40008
2023,1,16,05,WL,1605,Experimental,TDP-286,PI440805,TDP-286,yellow,PI 440805 
2023,1,16,06,WL,1606,Ramona Fill,NA,,,,
2023,1,16,07,WL,1607,Experimental,TARS_Tep_64,TARS_Tep_64,20IS-11148,white,
2023,1,16,08,WL,1608,Experimental,TDP-19,G40030,TDP-19,"cream,other",G40030
2023,1,16,09,WL,1609,Experimental,TDP-100,G40125,TDP-100,white,G40125
2023,1,16,10,WL,1610,Experimental,TDP-113,G40144B,TDP-113,"cream,other",G40144B
2023,1,16,11,WL,1611,Experimental,TDP-16,G40025,TDP-16,yellow,G40025
2023,1,16,12,WL,1612,border,NA,,,,
2023,2,16,13,WW,1613,border,NA,,,,
2023,2,16,14,WW,1614,Experimental,TDP-107,G40141,TDP-107,white,G40141
2023,2,16,15,WW,1615,Experimental,TDP-14,G40022A,TDP-14,dark pink,G40022A
2023,2,16,16,WW,1616,check plot,NA,,,,
2023,2,16,17,WW,1617,Experimental,TDP-131,G40162,TDP-131,white,G40162
2023,2,16,18,WW,1618,Experimental,TDP-103,G40129,TDP-103,white,G40129
2023,2,16,19,WW,1619,Experimental,TDP-89,G40111,TDP-89,"black,cream",G40111
2023,2,16,20,WW,1620,Experimental,TDP-284,PI440801,TDP-284,yellow,PI 440801 
2023,2,16,21,WW,1621,Ramona Fill,NA,,,,
2023,2,16,22,WW,1622,Experimental,TDP-115,G40145,TDP-115,white,G40145
2023,2,16,23,WW,1623,Experimental,TDP-88,G40110,TDP-88,"black,cream",G40110
2023,2,16,24,WW,1624,border,NA,,,,
2023,1,17,01,WL,1701,border,NA,,,,
2023,1,17,02,WL,1702,Experimental,TDP-6,G40012,TDP-6,white,G40012
2023,1,17,03,WL,1703,check plot,NA,,,,
2023,1,17,04,WL,1704,Experimental,TDP-139,G40172,TDP-139,white,G40172
2023,1,17,05,WL,1705,Experimental,TDP-7,G40013A,TDP-7,"black,cream",G40013A
2023,1,17,06,WL,1706,Experimental,TDP-124,G40154,TDP-124,white,G40154
2023,1,17,07,WL,1707,Experimental,TARS_Tep_100,TARS_Tep_100,20IS-11158,"white speckled, very nice",
2023,1,17,08,WL,1708,Ramona Fill,NA,,,,
2023,1,17,09,WL,1709,Experimental,TARS_Tep-105,TARS_Tep-105,20IS-11168,white speckled,
2023,1,17,10,WL,1710,Experimental,TDP-26,G40038,TDP-26,cream,G40038
2023,1,17,11,WL,1711,Experimental,TDP-311,Neb_T_15_S,TDP-311,black,Neb-T-15-S
2023,1,17,12,WL,1712,border,NA,,,,
2023,2,17,13,WW,1713,border,NA,,,,
2023,2,17,14,WW,1714,Experimental,TDP-311,Neb_T_15_S,TDP-311,black,Neb-T-15-S
2023,2,17,15,WW,1715,Experimental,TDP-45,G40057,TDP-45,white,G40057
2023,2,17,16,WW,1716,Experimental,TDP-100,G40125,TDP-100,white,G40125
2023,2,17,17,WW,1717,Experimental,TDP-296,PI440795,TDP-296,white,PI 440795 
2023,2,17,18,WW,1718,Experimental,TDP-6,G40012,TDP-6,white,G40012
2023,2,17,19,WW,1719,Experimental,TDP-120,G40150,TDP-120,white,G40150
2023,2,17,20,WW,1720,check plot,NA,,,,
2023,2,17,21,WW,1721,Experimental,TDP-113,G40144B,TDP-113,"cream,other",G40144B
2023,2,17,22,WW,1722,Experimental,TDP-20,G40032,TDP-20,white,G40032
2023,2,17,23,WW,1723,Experimental,TDP-287,PI440806,TDP-287,yellow,PI 440806 
2023,2,17,24,WW,1724,border,NA,,,,
2023,1,18,01,WL,1801,border,NA,,,,
2023,1,18,02,WL,1802,Experimental,TDP-130,G40161,TDP-130,cream,G40161
2023,1,18,03,WL,1803,check plot,NA,,,,
2023,1,18,04,WL,1804,Experimental,TARS_Tep_23,TARS_Tep_23,20IS-11161,mottled black,
2023,1,18,05,WL,1805,Experimental,TDP-143,G40173C,TDP-143,"cream,other",G40173C
2023,1,18,06,WL,1806,Experimental,TDP-257,G40279,TDP-257,white,G40279
2023,1,18,07,WL,1807,Experimental,TDP-24,G40037,TDP-24,yellow,G40037
2023,1,18,08,WL,1808,Experimental,TDP-215,G40234,TDP-215,cream,G40234
2023,1,18,09,WL,1809,Ramona Fill,NA,,,,
2023,1,18,10,WL,1810,Experimental,TDP-23,G40036,TDP-23,black,G40036
2023,1,18,11,WL,1811,Experimental,TDP-98,G40120,TDP-98,white,G40120
2023,1,18,12,WL,1812,border,NA,,,,
2023,2,18,13,WW,1813,border,NA,,,,
2023,2,18,14,WW,1814,Experimental,TARS_Tep_93,TARS_Tep_93,20IS-11152,white speckled,
2023,2,18,15,WW,1815,Experimental,TDP-124,G40154,TDP-124,white,G40154
2023,2,18,16,WW,1816,Experimental,TDP-142,G40173B,TDP-142,cream,G40173B
2023,2,18,17,WW,1817,Experimental,TDP-255,G40276,TDP-255,white,G40276
2023,2,18,18,WW,1818,Experimental,TDP-244,Neb_T_6_S,TDP-244,black,Neb T-6-S
2023,2,18,19,WW,1819,Experimental,TDP-123,G40153,TDP-123,cream,G40153
2023,2,18,20,WW,1820,Experimental,TDP-220,G40238,TDP-220,cream,G40238
2023,2,18,21,WW,1821,check plot,NA,,,,
2023,2,18,22,WW,1822,Experimental,TDP-299,PI535227,TDP-299,cream,PI 535227 
2023,2,18,23,WW,1823,Experimental,TDP-12,G40021,TDP-12,white,G40021
2023,2,18,24,WW,1824,border,NA,,,,
2023,1,19,01,WL,1901,border,NA,,,,
2023,1,19,02,WL,1902,border,NA,,,,
2023,1,19,03,WL,1903,border,NA,,,,
2023,1,19,04,WL,1904,border,NA,,,,
2023,1,19,05,WL,1905,border,NA,,,,
2023,1,19,06,WL,1906,border,NA,,,,
2023,1,19,07,WL,1907,border,NA,,,,
2023,1,19,08,WL,1908,border,NA,,,,
2023,1,19,09,WL,1909,border,NA,,,,
2023,1,19,10,WL,1910,border,NA,,,,
2023,1,19,11,WL,1911,border,NA,,,,
2023,1,19,12,WL,1912,border,NA,,,,
2023,2,19,13,WW,1913,border,NA,,,,
2023,2,19,14,WW,1914,border,NA,,,,
2023,2,19,15,WW,1915,border,NA,,,,
2023,2,19,16,WW,1916,border,NA,,,,
2023,2,19,17,WW,1917,border,NA,,,,
2023,2,19,18,WW,1918,border,NA,,,,
2023,2,19,19,WW,1919,border,NA,,,,
2023,2,19,20,WW,1920,border,NA,,,,
2023,2,19,21,WW,1921,border,NA,,,,
2023,2,19,22,WW,1922,border,NA,,,,
2023,2,19,23,WW,1923,border,NA,,,,
2023,2,19,24,WW,1924,border,NA,,,,
